{"cameraMode":{"drawMode":0,"name":"Shaded","section":"Shading Mode"},"sceneLighting":false,"audioPlay":false,"sceneViewState":{"showFog":true,"showMaterialUpdate":false,"showSkybox":true,"showFlares":true,"showImageEffects":true,"showParticleSystems":true},"in2DMode":false,"pivot":{"x":0.8372265100479126,"y":1.7660980224609376,"z":-1.6065154075622559},"rotation":{"x":0.12467151880264282,"y":0.14235609769821168,"z":-0.018077272921800615,"w":0.9817662835121155},"size":6.482973575592041,"orthographic":false}