{"cameraMode":{"drawMode":0,"name":"Shaded","section":"Shading Mode"},"sceneLighting":true,"audioPlay":false,"sceneViewState":{"showFog":true,"showMaterialUpdate":false,"showSkybox":true,"showFlares":true,"showImageEffects":true,"showParticleSystems":true},"in2DMode":false,"pivot":{"x":4.750472068786621,"y":-0.8158299922943115,"z":1.0712062120437623},"rotation":{"x":-0.27102890610694888,"y":0.17630945146083833,"z":-0.050570033490657809,"w":-0.9449344277381897},"size":9.823012351989746,"orthographic":false}