{"cameraMode":{"drawMode":0,"name":"Shaded","section":"Shading Mode"},"sceneLighting":false,"audioPlay":false,"sceneViewState":{"showFog":true,"showMaterialUpdate":false,"showSkybox":true,"showFlares":true,"showImageEffects":true,"showParticleSystems":true},"in2DMode":false,"pivot":{"x":0.29925718903541567,"y":0.38991987705230715,"z":-1.1952062845230103},"rotation":{"x":0.19056950509548188,"y":0.39933833479881289,"z":-0.08524568378925324,"w":0.8927180171012878},"size":7.2727861404418949,"orthographic":false}