{"cameraMode":{"drawMode":0,"name":"Shaded","section":"Shading Mode"},"sceneLighting":false,"audioPlay":false,"sceneViewState":{"showFog":true,"showMaterialUpdate":false,"showSkybox":true,"showFlares":true,"showImageEffects":true,"showParticleSystems":true},"in2DMode":false,"pivot":{"x":70.28643798828125,"y":535.16943359375,"z":-130.95506286621095},"rotation":{"x":0.3185066282749176,"y":0.6280242204666138,"z":-0.31413957476615908,"w":0.6367539167404175},"size":346.4842834472656,"orthographic":false}