{"cameraMode":{"drawMode":0,"name":"Shaded","section":"Shading Mode"},"sceneLighting":false,"audioPlay":false,"sceneViewState":{"showFog":true,"showMaterialUpdate":false,"showSkybox":true,"showFlares":true,"showImageEffects":true,"showParticleSystems":true},"in2DMode":false,"pivot":{"x":646.2716064453125,"y":-72.75222778320313,"z":529.6267700195313},"rotation":{"x":0.18860524892807008,"y":-0.6815017461776733,"z":0.18861277401447297,"w":0.6814753413200378},"size":426.3131408691406,"orthographic":false}