{"cameraMode":{"drawMode":0,"name":"Shaded","section":"Shading Mode"},"sceneLighting":false,"audioPlay":false,"sceneViewState":{"showFog":true,"showMaterialUpdate":false,"showSkybox":true,"showFlares":true,"showImageEffects":true,"showParticleSystems":true},"in2DMode":false,"pivot":{"x":-0.4461807608604431,"y":1.5100185871124268,"z":0.18183135986328126},"rotation":{"x":-0.13740688562393189,"y":0.04955165088176727,"z":-0.006883850786834955,"w":-0.9892505407333374},"size":12.45942497253418,"orthographic":false}