{"cameraMode":{"drawMode":0,"name":"Shaded","section":"Shading Mode"},"sceneLighting":true,"audioPlay":false,"sceneViewState":{"showFog":true,"showMaterialUpdate":false,"showSkybox":true,"showFlares":true,"showImageEffects":true,"showParticleSystems":true},"in2DMode":false,"pivot":{"x":793.1446533203125,"y":43.52961730957031,"z":631.829833984375},"rotation":{"x":-0.10414888709783554,"y":0.8824205994606018,"z":-0.23229339718818665,"w":-0.39563465118408205},"size":100.3886489868164,"orthographic":false}