{"cameraMode":{"drawMode":0,"name":"Shaded","section":"Shading Mode"},"sceneLighting":false,"audioPlay":false,"sceneViewState":{"showFog":true,"showMaterialUpdate":false,"showSkybox":true,"showFlares":true,"showImageEffects":true,"showParticleSystems":true},"in2DMode":false,"pivot":{"x":7.492519855499268,"y":5.740208625793457,"z":4.0921630859375},"rotation":{"x":-0.1871921271085739,"y":0.031209394335746766,"z":-0.005957517307251692,"w":-0.9818093776702881},"size":42.57622146606445,"orthographic":false}