{"cameraMode":{"drawMode":0,"name":"Shaded","section":"Shading Mode"},"sceneLighting":false,"audioPlay":false,"sceneViewState":{"showFog":true,"showMaterialUpdate":false,"showSkybox":true,"showFlares":true,"showImageEffects":true,"showParticleSystems":true},"in2DMode":false,"pivot":{"x":233.8582763671875,"y":38.47760009765625,"z":273.68994140625},"rotation":{"x":-0.2684157192707062,"y":-0.02224869653582573,"z":0.006196076050400734,"w":-0.9630262851715088},"size":423.1263732910156,"orthographic":false}