{"cameraMode":{"drawMode":0,"name":"Shaded","section":"Shading Mode"},"sceneLighting":true,"audioPlay":false,"sceneViewState":{"showFog":true,"showMaterialUpdate":false,"showSkybox":true,"showFlares":true,"showImageEffects":true,"showParticleSystems":true},"in2DMode":false,"pivot":{"x":90.77626037597656,"y":-76.61701965332031,"z":91.13999938964844},"rotation":{"x":-0.23846518993377686,"y":-0.3775441348552704,"z":0.1012570932507515,"w":-0.8890117406845093},"size":173.88308715820313,"orthographic":false}