{"cameraMode":{"drawMode":0,"name":"Shaded","section":"Shading Mode"},"sceneLighting":true,"audioPlay":false,"sceneViewState":{"showFog":true,"showMaterialUpdate":false,"showSkybox":true,"showFlares":true,"showImageEffects":true,"showParticleSystems":true},"in2DMode":false,"pivot":{"x":298.9363708496094,"y":259.0316162109375,"z":-33.657928466796878},"rotation":{"x":-0.2822432816028595,"y":-0.18941083550453187,"z":0.05693569779396057,"w":-0.9387335181236267},"size":241.8265380859375,"orthographic":false}