{"cameraMode":{"drawMode":0,"name":"Shaded","section":"Shading Mode"},"sceneLighting":false,"audioPlay":false,"sceneViewState":{"showFog":true,"showMaterialUpdate":false,"showSkybox":true,"showFlares":true,"showImageEffects":true,"showParticleSystems":true},"in2DMode":false,"pivot":{"x":1.097699761390686,"y":1.675822377204895,"z":21.58833885192871},"rotation":{"x":0.21605966985225678,"y":-0.6871273517608643,"z":0.2264251559972763,"w":0.6556720733642578},"size":1.829936146736145,"orthographic":false}