{"cameraMode":{"drawMode":0,"name":"Shaded","section":"Shading Mode"},"sceneLighting":false,"audioPlay":false,"sceneViewState":{"showFog":true,"showMaterialUpdate":false,"showSkybox":true,"showFlares":true,"showImageEffects":true,"showParticleSystems":true},"in2DMode":false,"pivot":{"x":-7.801937103271484,"y":-1.6563966274261475,"z":0.34024274349212649},"rotation":{"x":-0.0917692631483078,"y":0.6608651876449585,"z":-0.08191682398319245,"w":-0.7403548359870911},"size":12.63747501373291,"orthographic":false}