{"cameraMode":{"drawMode":0,"name":"Shaded","section":"Shading Mode"},"sceneLighting":false,"audioPlay":false,"sceneViewState":{"showFog":true,"showMaterialUpdate":false,"showSkybox":true,"showFlares":true,"showImageEffects":true,"showParticleSystems":true},"in2DMode":false,"pivot":{"x":-8.178916931152344,"y":0.021090388298034669,"z":-0.6773335933685303},"rotation":{"x":-0.04002751037478447,"y":0.6955729722976685,"z":-0.038870543241500857,"w":-0.7162856459617615},"size":12.63747501373291,"orthographic":false}