{"cameraMode":{"drawMode":0,"name":"Shaded","section":"Shading Mode"},"sceneLighting":false,"audioPlay":false,"sceneViewState":{"showFog":false,"showMaterialUpdate":false,"showSkybox":true,"showFlares":false,"showImageEffects":false,"showParticleSystems":false},"in2DMode":false,"pivot":{"x":-9.748856544494629,"y":14.93399429321289,"z":0.08923882246017456},"rotation":{"x":0.03704218566417694,"y":0.641791582107544,"z":-0.031064996495842935,"w":0.7653538584709168},"size":24.617801666259767,"orthographic":false}