{"cameraMode":{"drawMode":0,"name":"Shaded","section":"Shading Mode"},"sceneLighting":false,"audioPlay":false,"sceneViewState":{"showFog":false,"showMaterialUpdate":false,"showSkybox":true,"showFlares":false,"showImageEffects":false,"showParticleSystems":false},"in2DMode":false,"pivot":{"x":24.50176239013672,"y":11.2124662399292,"z":2.9325294494628908},"rotation":{"x":-0.10691750794649124,"y":-0.6256470680236816,"z":0.08712366968393326,"w":-0.7678175568580627},"size":47.84684371948242,"orthographic":false}