{"cameraMode":{"drawMode":0,"name":"Shaded","section":"Shading Mode"},"sceneLighting":false,"audioPlay":false,"sceneViewState":{"showFog":true,"showMaterialUpdate":true,"showSkybox":true,"showFlares":true,"showImageEffects":true,"showParticleSystems":true},"in2DMode":false,"pivot":{"x":0.10423469543457031,"y":0.7966986298561096,"z":0.38477009534835818},"rotation":{"x":0.17497952282428742,"y":-0.004986548330634832,"z":0.0008824684773571789,"w":0.9845590591430664},"size":8.460899353027344,"orthographic":false}