{"cameraMode":{"drawMode":0,"name":"Shaded","section":"Shading Mode"},"sceneLighting":false,"audioPlay":false,"sceneViewState":{"showFog":false,"showMaterialUpdate":false,"showSkybox":false,"showFlares":false,"showImageEffects":false,"showParticleSystems":false},"in2DMode":false,"pivot":{"x":-0.5409491062164307,"y":-0.05785322189331055,"z":-0.6862049102783203},"rotation":{"x":0.2322338968515396,"y":-0.1521487683057785,"z":0.03680604696273804,"w":0.9599810242652893},"size":9.586952209472657,"orthographic":false}