{"cameraMode":{"drawMode":0,"name":"Shaded","section":"Shading Mode"},"sceneLighting":false,"audioPlay":false,"sceneViewState":{"showFog":true,"showMaterialUpdate":true,"showSkybox":true,"showFlares":true,"showImageEffects":true,"showParticleSystems":true},"in2DMode":false,"pivot":{"x":-16.410085678100587,"y":9.747133255004883,"z":25.752607345581056},"rotation":{"x":-0.033052168786525729,"y":0.1419127881526947,"z":-0.004737006966024637,"w":-0.9893158674240112},"size":22.848657608032228,"orthographic":false}