{"cameraMode":{"drawMode":0,"name":"Shaded","section":"Shading Mode"},"sceneLighting":false,"audioPlay":false,"sceneViewState":{"showFog":false,"showMaterialUpdate":false,"showSkybox":true,"showFlares":false,"showImageEffects":false,"showParticleSystems":false},"in2DMode":false,"pivot":{"x":-5.115995407104492,"y":11.286238670349121,"z":0.04924136400222778},"rotation":{"x":-0.10265903919935227,"y":-0.7071895599365234,"z":0.10497532039880753,"w":-0.6916099190711975},"size":26.748777389526368,"orthographic":false}